STRUCTURE,STRUCTURE_ID,STRUCTURE_NAME,ACTION,REF_AREA,Reference area,FREQ,Frequency of observation,MEASURE,Measure,UNIT_MEASURE,Unit of measure,ACTIVITY,Economic activity,ADJUSTMENT,Adjustment,TRANSFORMATION,Transformation,TIME_HORIZ,Time horizon,METHODOLOGY,Calculation methodology,TIME_PERIOD,Time period,OBS_VALUE,Observation value,OBS_STATUS,Observation status,UNIT_MULT,Unit multiplier,DECIMALS,Decimals,BASE_PER,Base period
DATAFLOW,OECD.SDD.STES:DSD_STES@DF_CLI(4.1),Composite leading indicators,I,JPN,Japan,M,Monthly,LI,Composite leading indicator (CLI),IX,Index,_Z,Not applicable,AA,Amplitude adjusted,IX,Index,_Z,Not applicable,H,OECD harmonised,2025-06,,99.55399,,A,Normal value,0,Units,2,Two,,
DATAFLOW,OECD.SDD.STES:DSD_STES@DF_CLI(4.1),Composite leading indicators,I,KOR,Korea,M,Monthly,LI,Composite leading indicator (CLI),IX,Index,_Z,Not applicable,AA,Amplitude adjusted,IX,Index,_Z,Not applicable,H,OECD harmonised,2024-01,,99.39986,,A,Normal value,0,Units,2,Two,,
DATAFLOW,OECD.SDD.STES:DSD_STES@DF_CLI(4.1),Composite leading indicators,I,IND,India,M,Monthly,LI,Composite leading indicator (CLI),IX,Index,_Z,Not applicable,AA,Amplitude adjusted,IX,Index,_Z,Not applicable,H,OECD harmonised,2026-03,,102.0633,,A,Normal value,0,Units,2,Two,,
DATAFLOW,OECD.SDD.STES:DSD_STES@DF_CLI(4.1),Composite leading indicators,I,JPN,Japan,M,Monthly,LI,Composite leading indicator (CLI),IX,Index,_Z,Not applicable,AA,Amplitude adjusted,IX,Index,_Z,Not applicable,H,OECD harmonised,2026-01,,100.1027,,A,Normal value,0,Units,2,Two,,
DATAFLOW,OECD.SDD.STES:DSD_STES@DF_CLI(4.1),Composite leading indicators,I,JPN,Japan,M,Monthly,LI,Composite leading indicator (CLI),IX,Index,_Z,Not applicable,AA,Amplitude adjusted,IX,Index,_Z,Not applicable,H,OECD harmonised,2026-02,,100.168,,A,Normal value,0,Units,2,Two,,
DATAFLOW,OECD.SDD.STES:DSD_STES@DF_CLI(4.1),Composite leading indicators,I,KOR,Korea,M,Monthly,LI,Composite leading indicator (CLI),IX,Index,_Z,Not applicable,AA,Amplitude adjusted,IX,Index,_Z,Not applicable,H,OECD harmonised,2025-02,,99.75957,,A,Normal value,0,Units,2,Two,,
DATAFLOW,OECD.SDD.STES:DSD_STES@DF_CLI(4.1),Composite leading indicators,I,JPN,Japan,M,Monthly,LI,Composite leading indicator (CLI),IX,Index,_Z,Not applicable,AA,Amplitude adjusted,IX,Index,_Z,Not applicable,H,OECD harmonised,2023-10,,99.82844,,A,Normal value,0,Units,2,Two,,
DATAFLOW,OECD.SDD.STES:DSD_STES@DF_CLI(4.1),Composite leading indicators,I,JPN,Japan,M,Monthly,LI,Composite leading indicator (CLI),IX,Index,_Z,Not applicable,AA,Amplitude adjusted,IX,Index,_Z,Not applicable,H,OECD harmonised,2025-07,,99.6398,,A,Normal value,0,Units,2,Two,,
DATAFLOW,OECD.SDD.STES:DSD_STES@DF_CLI(4.1),Composite leading indicators,I,JPN,Japan,M,Monthly,LI,Composite leading indicator (CLI),IX,Index,_Z,Not applicable,AA,Amplitude adjusted,IX,Index,_Z,Not applicable,H,OECD harmonised,2025-08,,99.73497,,A,Normal value,0,Units,2,Two,,
DATAFLOW,OECD.SDD.STES:DSD_STES@DF_CLI(4.1),Composite leading indicators,I,JPN,Japan,M,Monthly,LI,Composite leading indicator (CLI),IX,Index,_Z,Not applicable,AA,Amplitude adjusted,IX,Index,_Z,Not applicable,H,OECD harmonised,2025-09,,99.83186,,A,Normal value,0,Units,2,Two,,
DATAFLOW,OECD.SDD.STES:DSD_STES@DF_CLI(4.1),Composite leading indicators,I,JPN,Japan,M,Monthly,LI,Composite leading indicator (CLI),IX,Index,_Z,Not applicable,AA,Amplitude adjusted,IX,Index,_Z,Not applicable,H,OECD harmonised,2025-10,,99.91695,,A,Normal value,0,Units,2,Two,,
DATAFLOW,OECD.SDD.STES:DSD_STES@DF_CLI(4.1),Composite leading indicators,I,JPN,Japan,M,Monthly,LI,Composite leading indicator (CLI),IX,Index,_Z,Not applicable,AA,Amplitude adjusted,IX,Index,_Z,Not applicable,H,OECD harmonised,2023-04,,99.87596,,A,Normal value,0,Units,2,Two,,
DATAFLOW,OECD.SDD.STES:DSD_STES@DF_CLI(4.1),Composite leading indicators,I,JPN,Japan,M,Monthly,LI,Composite leading indicator (CLI),IX,Index,_Z,Not applicable,AA,Amplitude adjusted,IX,Index,_Z,Not applicable,H,OECD harmonised,2023-05,,99.87534,,A,Normal value,0,Units,2,Two,,
DATAFLOW,OECD.SDD.STES:DSD_STES@DF_CLI(4.1),Composite leading indicators,I,JPN,Japan,M,Monthly,LI,Composite leading indicator (CLI),IX,Index,_Z,Not applicable,AA,Amplitude adjusted,IX,Index,_Z,Not applicable,H,OECD harmonised,2023-06,,99.87322,,A,Normal value,0,Units,2,Two,,
DATAFLOW,OECD.SDD.STES:DSD_STES@DF_CLI(4.1),Composite leading indicators,I,JPN,Japan,M,Monthly,LI,Composite leading indicator (CLI),IX,Index,_Z,Not applicable,AA,Amplitude adjusted,IX,Index,_Z,Not applicable,H,OECD harmonised,2023-07,,99.86858,,A,Normal value,0,Units,2,Two,,
DATAFLOW,OECD.SDD.STES:DSD_STES@DF_CLI(4.1),Composite leading indicators,I,JPN,Japan,M,Monthly,LI,Composite leading indicator (CLI),IX,Index,_Z,Not applicable,AA,Amplitude adjusted,IX,Index,_Z,Not applicable,H,OECD harmonised,2023-08,,99.864,,A,Normal value,0,Units,2,Two,,
DATAFLOW,OECD.SDD.STES:DSD_STES@DF_CLI(4.1),Composite leading indicators,I,JPN,Japan,M,Monthly,LI,Composite leading indicator (CLI),IX,Index,_Z,Not applicable,AA,Amplitude adjusted,IX,Index,_Z,Not applicable,H,OECD harmonised,2023-11,,99.80367,,A,Normal value,0,Units,2,Two,,
DATAFLOW,OECD.SDD.STES:DSD_STES@DF_CLI(4.1),Composite leading indicators,I,KOR,Korea,M,Monthly,LI,Composite leading indicator (CLI),IX,Index,_Z,Not applicable,AA,Amplitude adjusted,IX,Index,_Z,Not applicable,H,OECD harmonised,2025-07,,100.3466,,A,Normal value,0,Units,2,Two,,
DATAFLOW,OECD.SDD.STES:DSD_STES@DF_CLI(4.1),Composite leading indicators,I,JPN,Japan,M,Monthly,LI,Composite leading indicator (CLI),IX,Index,_Z,Not applicable,AA,Amplitude adjusted,IX,Index,_Z,Not applicable,H,OECD harmonised,2026-03,,100.2516,,A,Normal value,0,Units,2,Two,,
DATAFLOW,OECD.SDD.STES:DSD_STES@DF_CLI(4.1),Composite leading indicators,I,KOR,Korea,M,Monthly,LI,Composite leading indicator (CLI),IX,Index,_Z,Not applicable,AA,Amplitude adjusted,IX,Index,_Z,Not applicable,H,OECD harmonised,2025-09,,100.7308,,A,Normal value,0,Units,2,Two,,
DATAFLOW,OECD.SDD.STES:DSD_STES@DF_CLI(4.1),Composite leading indicators,I,KOR,Korea,M,Monthly,LI,Composite leading indicator (CLI),IX,Index,_Z,Not applicable,AA,Amplitude adjusted,IX,Index,_Z,Not applicable,H,OECD harmonised,2025-10,,100.9902,,A,Normal value,0,Units,2,Two,,
DATAFLOW,OECD.SDD.STES:DSD_STES@DF_CLI(4.1),Composite leading indicators,I,KOR,Korea,M,Monthly,LI,Composite leading indicator (CLI),IX,Index,_Z,Not applicable,AA,Amplitude adjusted,IX,Index,_Z,Not applicable,H,OECD harmonised,2023-04,,97.72169,,A,Normal value,0,Units,2,Two,,
DATAFLOW,OECD.SDD.STES:DSD_STES@DF_CLI(4.1),Composite leading indicators,I,KOR,Korea,M,Monthly,LI,Composite leading indicator (CLI),IX,Index,_Z,Not applicable,AA,Amplitude adjusted,IX,Index,_Z,Not applicable,H,OECD harmonised,2023-05,,97.9016,,A,Normal value,0,Units,2,Two,,
DATAFLOW,OECD.SDD.STES:DSD_STES@DF_CLI(4.1),Composite leading indicators,I,KOR,Korea,M,Monthly,LI,Composite leading indicator (CLI),IX,Index,_Z,Not applicable,AA,Amplitude adjusted,IX,Index,_Z,Not applicable,H,OECD harmonised,2023-06,,98.1026,,A,Normal value,0,Units,2,Two,,
DATAFLOW,OECD.SDD.STES:DSD_STES@DF_CLI(4.1),Composite leading indicators,I,KOR,Korea,M,Monthly,LI,Composite leading indicator (CLI),IX,Index,_Z,Not applicable,AA,Amplitude adjusted,IX,Index,_Z,Not applicable,H,OECD harmonised,2023-07,,98.27763,,A,Normal value,0,Units,2,Two,,
DATAFLOW,OECD.SDD.STES:DSD_STES@DF_CLI(4.1),Composite leading indicators,I,KOR,Korea,M,Monthly,LI,Composite leading indicator (CLI),IX,Index,_Z,Not applicable,AA,Amplitude adjusted,IX,Index,_Z,Not applicable,H,OECD harmonised,2023-08,,98.43781,,A,Normal value,0,Units,2,Two,,
DATAFLOW,OECD.SDD.STES:DSD_STES@DF_CLI(4.1),Composite leading indicators,I,KOR,Korea,M,Monthly,LI,Composite leading indicator (CLI),IX,Index,_Z,Not applicable,AA,Amplitude adjusted,IX,Index,_Z,Not applicable,H,OECD harmonised,2023-09,,98.59906,,A,Normal value,0,Units,2,Two,,
DATAFLOW,OECD.SDD.STES:DSD_STES@DF_CLI(4.1),Composite leading indicators,I,KOR,Korea,M,Monthly,LI,Composite leading indicator (CLI),IX,Index,_Z,Not applicable,AA,Amplitude adjusted,IX,Index,_Z,Not applicable,H,OECD harmonised,2023-10,,98.77434,,A,Normal value,0,Units,2,Two,,
DATAFLOW,OECD.SDD.STES:DSD_STES@DF_CLI(4.1),Composite leading indicators,I,KOR,Korea,M,Monthly,LI,Composite leading indicator (CLI),IX,Index,_Z,Not applicable,AA,Amplitude adjusted,IX,Index,_Z,Not applicable,H,OECD harmonised,2023-11,,98.97296,,A,Normal value,0,Units,2,Two,,
DATAFLOW,OECD.SDD.STES:DSD_STES@DF_CLI(4.1),Composite leading indicators,I,KOR,Korea,M,Monthly,LI,Composite leading indicator (CLI),IX,Index,_Z,Not applicable,AA,Amplitude adjusted,IX,Index,_Z,Not applicable,H,OECD harmonised,2023-12,,99.1879,,A,Normal value,0,Units,2,Two,,
DATAFLOW,OECD.SDD.STES:DSD_STES@DF_CLI(4.1),Composite leading indicators,I,KOR,Korea,M,Monthly,LI,Composite leading indicator (CLI),IX,Index,_Z,Not applicable,AA,Amplitude adjusted,IX,Index,_Z,Not applicable,H,OECD harmonised,2025-11,,101.2798,,A,Normal value,0,Units,2,Two,,
DATAFLOW,OECD.SDD.STES:DSD_STES@DF_CLI(4.1),Composite leading indicators,I,KOR,Korea,M,Monthly,LI,Composite leading indicator (CLI),IX,Index,_Z,Not applicable,AA,Amplitude adjusted,IX,Index,_Z,Not applicable,H,OECD harmonised,2025-12,,101.5725,,A,Normal value,0,Units,2,Two,,
DATAFLOW,OECD.SDD.STES:DSD_STES@DF_CLI(4.1),Composite leading indicators,I,KOR,Korea,M,Monthly,LI,Composite leading indicator (CLI),IX,Index,_Z,Not applicable,AA,Amplitude adjusted,IX,Index,_Z,Not applicable,H,OECD harmonised,2026-01,,101.8571,,A,Normal value,0,Units,2,Two,,
DATAFLOW,OECD.SDD.STES:DSD_STES@DF_CLI(4.1),Composite leading indicators,I,KOR,Korea,M,Monthly,LI,Composite leading indicator (CLI),IX,Index,_Z,Not applicable,AA,Amplitude adjusted,IX,Index,_Z,Not applicable,H,OECD harmonised,2026-02,,102.1013,,A,Normal value,0,Units,2,Two,,
DATAFLOW,OECD.SDD.STES:DSD_STES@DF_CLI(4.1),Composite leading indicators,I,KOR,Korea,M,Monthly,LI,Composite leading indicator (CLI),IX,Index,_Z,Not applicable,AA,Amplitude adjusted,IX,Index,_Z,Not applicable,H,OECD harmonised,2026-03,,102.2842,,A,Normal value,0,Units,2,Two,,
DATAFLOW,OECD.SDD.STES:DSD_STES@DF_CLI(4.1),Composite leading indicators,I,JPN,Japan,M,Monthly,LI,Composite leading indicator (CLI),IX,Index,_Z,Not applicable,AA,Amplitude adjusted,IX,Index,_Z,Not applicable,H,OECD harmonised,2024-02,,99.8346,,A,Normal value,0,Units,2,Two,,
DATAFLOW,OECD.SDD.STES:DSD_STES@DF_CLI(4.1),Composite leading indicators,I,JPN,Japan,M,Monthly,LI,Composite leading indicator (CLI),IX,Index,_Z,Not applicable,AA,Amplitude adjusted,IX,Index,_Z,Not applicable,H,OECD harmonised,2024-03,,99.87734,,A,Normal value,0,Units,2,Two,,
DATAFLOW,OECD.SDD.STES:DSD_STES@DF_CLI(4.1),Composite leading indicators,I,JPN,Japan,M,Monthly,LI,Composite leading indicator (CLI),IX,Index,_Z,Not applicable,AA,Amplitude adjusted,IX,Index,_Z,Not applicable,H,OECD harmonised,2024-04,,99.91649,,A,Normal value,0,Units,2,Two,,
DATAFLOW,OECD.SDD.STES:DSD_STES@DF_CLI(4.1),Composite leading indicators,I,JPN,Japan,M,Monthly,LI,Composite leading indicator (CLI),IX,Index,_Z,Not applicable,AA,Amplitude adjusted,IX,Index,_Z,Not applicable,H,OECD harmonised,2024-05,,99.93471,,A,Normal value,0,Units,2,Two,,
DATAFLOW,OECD.SDD.STES:DSD_STES@DF_CLI(4.1),Composite leading indicators,I,JPN,Japan,M,Monthly,LI,Composite leading indicator (CLI),IX,Index,_Z,Not applicable,AA,Amplitude adjusted,IX,Index,_Z,Not applicable,H,OECD harmonised,2024-06,,99.9217,,A,Normal value,0,Units,2,Two,,
DATAFLOW,OECD.SDD.STES:DSD_STES@DF_CLI(4.1),Composite leading indicators,I,JPN,Japan,M,Monthly,LI,Composite leading indicator (CLI),IX,Index,_Z,Not applicable,AA,Amplitude adjusted,IX,Index,_Z,Not applicable,H,OECD harmonised,2024-07,,99.87779,,A,Normal value,0,Units,2,Two,,
DATAFLOW,OECD.SDD.STES:DSD_STES@DF_CLI(4.1),Composite leading indicators,I,JPN,Japan,M,Monthly,LI,Composite leading indicator (CLI),IX,Index,_Z,Not applicable,AA,Amplitude adjusted,IX,Index,_Z,Not applicable,H,OECD harmonised,2024-08,,99.8118,,A,Normal value,0,Units,2,Two,,
DATAFLOW,OECD.SDD.STES:DSD_STES@DF_CLI(4.1),Composite leading indicators,I,JPN,Japan,M,Monthly,LI,Composite leading indicator (CLI),IX,Index,_Z,Not applicable,AA,Amplitude adjusted,IX,Index,_Z,Not applicable,H,OECD harmonised,2024-09,,99.7449,,A,Normal value,0,Units,2,Two,,
DATAFLOW,OECD.SDD.STES:DSD_STES@DF_CLI(4.1),Composite leading indicators,I,JPN,Japan,M,Monthly,LI,Composite leading indicator (CLI),IX,Index,_Z,Not applicable,AA,Amplitude adjusted,IX,Index,_Z,Not applicable,H,OECD harmonised,2024-10,,99.67993,,A,Normal value,0,Units,2,Two,,
DATAFLOW,OECD.SDD.STES:DSD_STES@DF_CLI(4.1),Composite leading indicators,I,JPN,Japan,M,Monthly,LI,Composite leading indicator (CLI),IX,Index,_Z,Not applicable,AA,Amplitude adjusted,IX,Index,_Z,Not applicable,H,OECD harmonised,2024-11,,99.62125,,A,Normal value,0,Units,2,Two,,
DATAFLOW,OECD.SDD.STES:DSD_STES@DF_CLI(4.1),Composite leading indicators,I,JPN,Japan,M,Monthly,LI,Composite leading indicator (CLI),IX,Index,_Z,Not applicable,AA,Amplitude adjusted,IX,Index,_Z,Not applicable,H,OECD harmonised,2024-01,,99.79682,,A,Normal value,0,Units,2,Two,,
DATAFLOW,OECD.SDD.STES:DSD_STES@DF_CLI(4.1),Composite leading indicators,I,JPN,Japan,M,Monthly,LI,Composite leading indicator (CLI),IX,Index,_Z,Not applicable,AA,Amplitude adjusted,IX,Index,_Z,Not applicable,H,OECD harmonised,2025-04,,99.46483,,A,Normal value,0,Units,2,Two,,
DATAFLOW,OECD.SDD.STES:DSD_STES@DF_CLI(4.1),Composite leading indicators,I,JPN,Japan,M,Monthly,LI,Composite leading indicator (CLI),IX,Index,_Z,Not applicable,AA,Amplitude adjusted,IX,Index,_Z,Not applicable,H,OECD harmonised,2025-05,,99.49458,,A,Normal value,0,Units,2,Two,,
DATAFLOW,OECD.SDD.STES:DSD_STES@DF_CLI(4.1),Composite leading indicators,I,IND,India,M,Monthly,LI,Composite leading indicator (CLI),IX,Index,_Z,Not applicable,AA,Amplitude adjusted,IX,Index,_Z,Not applicable,H,OECD harmonised,2024-01,,98.86533,,A,Normal value,0,Units,2,Two,,
DATAFLOW,OECD.SDD.STES:DSD_STES@DF_CLI(4.1),Composite leading indicators,I,IND,India,M,Monthly,LI,Composite leading indicator (CLI),IX,Index,_Z,Not applicable,AA,Amplitude adjusted,IX,Index,_Z,Not applicable,H,OECD harmonised,2024-02,,98.89941,,A,Normal value,0,Units,2,Two,,
DATAFLOW,OECD.SDD.STES:DSD_STES@DF_CLI(4.1),Composite leading indicators,I,IND,India,M,Monthly,LI,Composite leading indicator (CLI),IX,Index,_Z,Not applicable,AA,Amplitude adjusted,IX,Index,_Z,Not applicable,H,OECD harmonised,2024-03,,98.93871,,A,Normal value,0,Units,2,Two,,
DATAFLOW,OECD.SDD.STES:DSD_STES@DF_CLI(4.1),Composite leading indicators,I,IND,India,M,Monthly,LI,Composite leading indicator (CLI),IX,Index,_Z,Not applicable,AA,Amplitude adjusted,IX,Index,_Z,Not applicable,H,OECD harmonised,2024-04,,98.98035,,A,Normal value,0,Units,2,Two,,
DATAFLOW,OECD.SDD.STES:DSD_STES@DF_CLI(4.1),Composite leading indicators,I,IND,India,M,Monthly,LI,Composite leading indicator (CLI),IX,Index,_Z,Not applicable,AA,Amplitude adjusted,IX,Index,_Z,Not applicable,H,OECD harmonised,2024-05,,99.02283,,A,Normal value,0,Units,2,Two,,
DATAFLOW,OECD.SDD.STES:DSD_STES@DF_CLI(4.1),Composite leading indicators,I,IND,India,M,Monthly,LI,Composite leading indicator (CLI),IX,Index,_Z,Not applicable,AA,Amplitude adjusted,IX,Index,_Z,Not applicable,H,OECD harmonised,2024-06,,99.06447,,A,Normal value,0,Units,2,Two,,
DATAFLOW,OECD.SDD.STES:DSD_STES@DF_CLI(4.1),Composite leading indicators,I,IND,India,M,Monthly,LI,Composite leading indicator (CLI),IX,Index,_Z,Not applicable,AA,Amplitude adjusted,IX,Index,_Z,Not applicable,H,OECD harmonised,2024-07,,99.10368,,A,Normal value,0,Units,2,Two,,
DATAFLOW,OECD.SDD.STES:DSD_STES@DF_CLI(4.1),Composite leading indicators,I,IND,India,M,Monthly,LI,Composite leading indicator (CLI),IX,Index,_Z,Not applicable,AA,Amplitude adjusted,IX,Index,_Z,Not applicable,H,OECD harmonised,2024-08,,99.14193,,A,Normal value,0,Units,2,Two,,
DATAFLOW,OECD.SDD.STES:DSD_STES@DF_CLI(4.1),Composite leading indicators,I,IND,India,M,Monthly,LI,Composite leading indicator (CLI),IX,Index,_Z,Not applicable,AA,Amplitude adjusted,IX,Index,_Z,Not applicable,H,OECD harmonised,2024-09,,99.18145,,A,Normal value,0,Units,2,Two,,
DATAFLOW,OECD.SDD.STES:DSD_STES@DF_CLI(4.1),Composite leading indicators,I,IND,India,M,Monthly,LI,Composite leading indicator (CLI),IX,Index,_Z,Not applicable,AA,Amplitude adjusted,IX,Index,_Z,Not applicable,H,OECD harmonised,2024-10,,99.22748,,A,Normal value,0,Units,2,Two,,
DATAFLOW,OECD.SDD.STES:DSD_STES@DF_CLI(4.1),Composite leading indicators,I,IND,India,M,Monthly,LI,Composite leading indicator (CLI),IX,Index,_Z,Not applicable,AA,Amplitude adjusted,IX,Index,_Z,Not applicable,H,OECD harmonised,2024-11,,99.28606,,A,Normal value,0,Units,2,Two,,
DATAFLOW,OECD.SDD.STES:DSD_STES@DF_CLI(4.1),Composite leading indicators,I,IND,India,M,Monthly,LI,Composite leading indicator (CLI),IX,Index,_Z,Not applicable,AA,Amplitude adjusted,IX,Index,_Z,Not applicable,H,OECD harmonised,2024-12,,99.36246,,A,Normal value,0,Units,2,Two,,
DATAFLOW,OECD.SDD.STES:DSD_STES@DF_CLI(4.1),Composite leading indicators,I,IND,India,M,Monthly,LI,Composite leading indicator (CLI),IX,Index,_Z,Not applicable,AA,Amplitude adjusted,IX,Index,_Z,Not applicable,H,OECD harmonised,2025-01,,99.46189,,A,Normal value,0,Units,2,Two,,
DATAFLOW,OECD.SDD.STES:DSD_STES@DF_CLI(4.1),Composite leading indicators,I,IND,India,M,Monthly,LI,Composite leading indicator (CLI),IX,Index,_Z,Not applicable,AA,Amplitude adjusted,IX,Index,_Z,Not applicable,H,OECD harmonised,2025-02,,99.58692,,A,Normal value,0,Units,2,Two,,
DATAFLOW,OECD.SDD.STES:DSD_STES@DF_CLI(4.1),Composite leading indicators,I,IND,India,M,Monthly,LI,Composite leading indicator (CLI),IX,Index,_Z,Not applicable,AA,Amplitude adjusted,IX,Index,_Z,Not applicable,H,OECD harmonised,2025-03,,99.73772,,A,Normal value,0,Units,2,Two,,
DATAFLOW,OECD.SDD.STES:DSD_STES@DF_CLI(4.1),Composite leading indicators,I,IND,India,M,Monthly,LI,Composite leading indicator (CLI),IX,Index,_Z,Not applicable,AA,Amplitude adjusted,IX,Index,_Z,Not applicable,H,OECD harmonised,2025-04,,99.9113,,A,Normal value,0,Units,2,Two,,
DATAFLOW,OECD.SDD.STES:DSD_STES@DF_CLI(4.1),Composite leading indicators,I,IND,India,M,Monthly,LI,Composite leading indicator (CLI),IX,Index,_Z,Not applicable,AA,Amplitude adjusted,IX,Index,_Z,Not applicable,H,OECD harmonised,2025-05,,100.104,,A,Normal value,0,Units,2,Two,,
DATAFLOW,OECD.SDD.STES:DSD_STES@DF_CLI(4.1),Composite leading indicators,I,IND,India,M,Monthly,LI,Composite leading indicator (CLI),IX,Index,_Z,Not applicable,AA,Amplitude adjusted,IX,Index,_Z,Not applicable,H,OECD harmonised,2025-06,,100.3105,,A,Normal value,0,Units,2,Two,,
DATAFLOW,OECD.SDD.STES:DSD_STES@DF_CLI(4.1),Composite leading indicators,I,IND,India,M,Monthly,LI,Composite leading indicator (CLI),IX,Index,_Z,Not applicable,AA,Amplitude adjusted,IX,Index,_Z,Not applicable,H,OECD harmonised,2025-07,,100.526,,A,Normal value,0,Units,2,Two,,
DATAFLOW,OECD.SDD.STES:DSD_STES@DF_CLI(4.1),Composite leading indicators,I,IND,India,M,Monthly,LI,Composite leading indicator (CLI),IX,Index,_Z,Not applicable,AA,Amplitude adjusted,IX,Index,_Z,Not applicable,H,OECD harmonised,2025-08,,100.7459,,A,Normal value,0,Units,2,Two,,
DATAFLOW,OECD.SDD.STES:DSD_STES@DF_CLI(4.1),Composite leading indicators,I,IND,India,M,Monthly,LI,Composite leading indicator (CLI),IX,Index,_Z,Not applicable,AA,Amplitude adjusted,IX,Index,_Z,Not applicable,H,OECD harmonised,2025-09,,100.9656,,A,Normal value,0,Units,2,Two,,
DATAFLOW,OECD.SDD.STES:DSD_STES@DF_CLI(4.1),Composite leading indicators,I,IND,India,M,Monthly,LI,Composite leading indicator (CLI),IX,Index,_Z,Not applicable,AA,Amplitude adjusted,IX,Index,_Z,Not applicable,H,OECD harmonised,2023-04,,99.03363,,A,Normal value,0,Units,2,Two,,
DATAFLOW,OECD.SDD.STES:DSD_STES@DF_CLI(4.1),Composite leading indicators,I,IND,India,M,Monthly,LI,Composite leading indicator (CLI),IX,Index,_Z,Not applicable,AA,Amplitude adjusted,IX,Index,_Z,Not applicable,H,OECD harmonised,2023-05,,98.97123,,A,Normal value,0,Units,2,Two,,
DATAFLOW,OECD.SDD.STES:DSD_STES@DF_CLI(4.1),Composite leading indicators,I,IND,India,M,Monthly,LI,Composite leading indicator (CLI),IX,Index,_Z,Not applicable,AA,Amplitude adjusted,IX,Index,_Z,Not applicable,H,OECD harmonised,2023-06,,98.92159,,A,Normal value,0,Units,2,Two,,
DATAFLOW,OECD.SDD.STES:DSD_STES@DF_CLI(4.1),Composite leading indicators,I,IND,India,M,Monthly,LI,Composite leading indicator (CLI),IX,Index,_Z,Not applicable,AA,Amplitude adjusted,IX,Index,_Z,Not applicable,H,OECD harmonised,2023-07,,98.88203,,A,Normal value,0,Units,2,Two,,
DATAFLOW,OECD.SDD.STES:DSD_STES@DF_CLI(4.1),Composite leading indicators,I,IND,India,M,Monthly,LI,Composite leading indicator (CLI),IX,Index,_Z,Not applicable,AA,Amplitude adjusted,IX,Index,_Z,Not applicable,H,OECD harmonised,2023-08,,98.85161,,A,Normal value,0,Units,2,Two,,
DATAFLOW,OECD.SDD.STES:DSD_STES@DF_CLI(4.1),Composite leading indicators,I,IND,India,M,Monthly,LI,Composite leading indicator (CLI),IX,Index,_Z,Not applicable,AA,Amplitude adjusted,IX,Index,_Z,Not applicable,H,OECD harmonised,2023-09,,98.8307,,A,Normal value,0,Units,2,Two,,
DATAFLOW,OECD.SDD.STES:DSD_STES@DF_CLI(4.1),Composite leading indicators,I,IND,India,M,Monthly,LI,Composite leading indicator (CLI),IX,Index,_Z,Not applicable,AA,Amplitude adjusted,IX,Index,_Z,Not applicable,H,OECD harmonised,2023-10,,98.82094,,A,Normal value,0,Units,2,Two,,
DATAFLOW,OECD.SDD.STES:DSD_STES@DF_CLI(4.1),Composite leading indicators,I,IND,India,M,Monthly,LI,Composite leading indicator (CLI),IX,Index,_Z,Not applicable,AA,Amplitude adjusted,IX,Index,_Z,Not applicable,H,OECD harmonised,2023-11,,98.82378,,A,Normal value,0,Units,2,Two,,
DATAFLOW,OECD.SDD.STES:DSD_STES@DF_CLI(4.1),Composite leading indicators,I,IND,India,M,Monthly,LI,Composite leading indicator (CLI),IX,Index,_Z,Not applicable,AA,Amplitude adjusted,IX,Index,_Z,Not applicable,H,OECD harmonised,2023-12,,98.83929,,A,Normal value,0,Units,2,Two,,
DATAFLOW,OECD.SDD.STES:DSD_STES@DF_CLI(4.1),Composite leading indicators,I,IND,India,M,Monthly,LI,Composite leading indicator (CLI),IX,Index,_Z,Not applicable,AA,Amplitude adjusted,IX,Index,_Z,Not applicable,H,OECD harmonised,2025-10,,101.181,,A,Normal value,0,Units,2,Two,,
DATAFLOW,OECD.SDD.STES:DSD_STES@DF_CLI(4.1),Composite leading indicators,I,IND,India,M,Monthly,LI,Composite leading indicator (CLI),IX,Index,_Z,Not applicable,AA,Amplitude adjusted,IX,Index,_Z,Not applicable,H,OECD harmonised,2025-11,,101.3864,,A,Normal value,0,Units,2,Two,,
DATAFLOW,OECD.SDD.STES:DSD_STES@DF_CLI(4.1),Composite leading indicators,I,IND,India,M,Monthly,LI,Composite leading indicator (CLI),IX,Index,_Z,Not applicable,AA,Amplitude adjusted,IX,Index,_Z,Not applicable,H,OECD harmonised,2025-12,,101.5771,,A,Normal value,0,Units,2,Two,,
DATAFLOW,OECD.SDD.STES:DSD_STES@DF_CLI(4.1),Composite leading indicators,I,IND,India,M,Monthly,LI,Composite leading indicator (CLI),IX,Index,_Z,Not applicable,AA,Amplitude adjusted,IX,Index,_Z,Not applicable,H,OECD harmonised,2026-01,,101.7521,,A,Normal value,0,Units,2,Two,,
DATAFLOW,OECD.SDD.STES:DSD_STES@DF_CLI(4.1),Composite leading indicators,I,IND,India,M,Monthly,LI,Composite leading indicator (CLI),IX,Index,_Z,Not applicable,AA,Amplitude adjusted,IX,Index,_Z,Not applicable,H,OECD harmonised,2026-02,,101.9128,,A,Normal value,0,Units,2,Two,,
DATAFLOW,OECD.SDD.STES:DSD_STES@DF_CLI(4.1),Composite leading indicators,I,KOR,Korea,M,Monthly,LI,Composite leading indicator (CLI),IX,Index,_Z,Not applicable,AA,Amplitude adjusted,IX,Index,_Z,Not applicable,H,OECD harmonised,2024-02,,99.59512,,A,Normal value,0,Units,2,Two,,
DATAFLOW,OECD.SDD.STES:DSD_STES@DF_CLI(4.1),Composite leading indicators,I,KOR,Korea,M,Monthly,LI,Composite leading indicator (CLI),IX,Index,_Z,Not applicable,AA,Amplitude adjusted,IX,Index,_Z,Not applicable,H,OECD harmonised,2024-03,,99.75379,,A,Normal value,0,Units,2,Two,,
DATAFLOW,OECD.SDD.STES:DSD_STES@DF_CLI(4.1),Composite leading indicators,I,KOR,Korea,M,Monthly,LI,Composite leading indicator (CLI),IX,Index,_Z,Not applicable,AA,Amplitude adjusted,IX,Index,_Z,Not applicable,H,OECD harmonised,2024-04,,99.86346,,A,Normal value,0,Units,2,Two,,
DATAFLOW,OECD.SDD.STES:DSD_STES@DF_CLI(4.1),Composite leading indicators,I,KOR,Korea,M,Monthly,LI,Composite leading indicator (CLI),IX,Index,_Z,Not applicable,AA,Amplitude adjusted,IX,Index,_Z,Not applicable,H,OECD harmonised,2024-05,,99.91505,,A,Normal value,0,Units,2,Two,,
DATAFLOW,OECD.SDD.STES:DSD_STES@DF_CLI(4.1),Composite leading indicators,I,KOR,Korea,M,Monthly,LI,Composite leading indicator (CLI),IX,Index,_Z,Not applicable,AA,Amplitude adjusted,IX,Index,_Z,Not applicable,H,OECD harmonised,2024-06,,99.92366,,A,Normal value,0,Units,2,Two,,
DATAFLOW,OECD.SDD.STES:DSD_STES@DF_CLI(4.1),Composite leading indicators,I,KOR,Korea,M,Monthly,LI,Composite leading indicator (CLI),IX,Index,_Z,Not applicable,AA,Amplitude adjusted,IX,Index,_Z,Not applicable,H,OECD harmonised,2024-07,,99.89775,,A,Normal value,0,Units,2,Two,,
DATAFLOW,OECD.SDD.STES:DSD_STES@DF_CLI(4.1),Composite leading indicators,I,KOR,Korea,M,Monthly,LI,Composite leading indicator (CLI),IX,Index,_Z,Not applicable,AA,Amplitude adjusted,IX,Index,_Z,Not applicable,H,OECD harmonised,2024-08,,99.84533,,A,Normal value,0,Units,2,Two,,
DATAFLOW,OECD.SDD.STES:DSD_STES@DF_CLI(4.1),Composite leading indicators,I,KOR,Korea,M,Monthly,LI,Composite leading indicator (CLI),IX,Index,_Z,Not applicable,AA,Amplitude adjusted,IX,Index,_Z,Not applicable,H,OECD harmonised,2024-09,,99.77613,,A,Normal value,0,Units,2,Two,,
DATAFLOW,OECD.SDD.STES:DSD_STES@DF_CLI(4.1),Composite leading indicators,I,KOR,Korea,M,Monthly,LI,Composite leading indicator (CLI),IX,Index,_Z,Not applicable,AA,Amplitude adjusted,IX,Index,_Z,Not applicable,H,OECD harmonised,2024-10,,99.70758,,A,Normal value,0,Units,2,Two,,
DATAFLOW,OECD.SDD.STES:DSD_STES@DF_CLI(4.1),Composite leading indicators,I,KOR,Korea,M,Monthly,LI,Composite leading indicator (CLI),IX,Index,_Z,Not applicable,AA,Amplitude adjusted,IX,Index,_Z,Not applicable,H,OECD harmonised,2024-11,,99.66402,,A,Normal value,0,Units,2,Two,,
DATAFLOW,OECD.SDD.STES:DSD_STES@DF_CLI(4.1),Composite leading indicators,I,KOR,Korea,M,Monthly,LI,Composite leading indicator (CLI),IX,Index,_Z,Not applicable,AA,Amplitude adjusted,IX,Index,_Z,Not applicable,H,OECD harmonised,2024-12,,99.66142,,A,Normal value,0,Units,2,Two,,
DATAFLOW,OECD.SDD.STES:DSD_STES@DF_CLI(4.1),Composite leading indicators,I,KOR,Korea,M,Monthly,LI,Composite leading indicator (CLI),IX,Index,_Z,Not applicable,AA,Amplitude adjusted,IX,Index,_Z,Not applicable,H,OECD harmonised,2025-01,,99.69524,,A,Normal value,0,Units,2,Two,,
DATAFLOW,OECD.SDD.STES:DSD_STES@DF_CLI(4.1),Composite leading indicators,I,JPN,Japan,M,Monthly,LI,Composite leading indicator (CLI),IX,Index,_Z,Not applicable,AA,Amplitude adjusted,IX,Index,_Z,Not applicable,H,OECD harmonised,2023-12,,99.78726,,A,Normal value,0,Units,2,Two,,
DATAFLOW,OECD.SDD.STES:DSD_STES@DF_CLI(4.1),Composite leading indicators,I,JPN,Japan,M,Monthly,LI,Composite leading indicator (CLI),IX,Index,_Z,Not applicable,AA,Amplitude adjusted,IX,Index,_Z,Not applicable,H,OECD harmonised,2025-11,,99.98433,,A,Normal value,0,Units,2,Two,,
DATAFLOW,OECD.SDD.STES:DSD_STES@DF_CLI(4.1),Composite leading indicators,I,JPN,Japan,M,Monthly,LI,Composite leading indicator (CLI),IX,Index,_Z,Not applicable,AA,Amplitude adjusted,IX,Index,_Z,Not applicable,H,OECD harmonised,2025-12,,100.0425,,A,Normal value,0,Units,2,Two,,
DATAFLOW,OECD.SDD.STES:DSD_STES@DF_CLI(4.1),Composite leading indicators,I,KOR,Korea,M,Monthly,LI,Composite leading indicator (CLI),IX,Index,_Z,Not applicable,AA,Amplitude adjusted,IX,Index,_Z,Not applicable,H,OECD harmonised,2025-08,,100.5223,,A,Normal value,0,Units,2,Two,,
DATAFLOW,OECD.SDD.STES:DSD_STES@DF_CLI(4.1),Composite leading indicators,I,JPN,Japan,M,Monthly,LI,Composite leading indicator (CLI),IX,Index,_Z,Not applicable,AA,Amplitude adjusted,IX,Index,_Z,Not applicable,H,OECD harmonised,2023-09,,99.8506,,A,Normal value,0,Units,2,Two,,
DATAFLOW,OECD.SDD.STES:DSD_STES@DF_CLI(4.1),Composite leading indicators,I,KOR,Korea,M,Monthly,LI,Composite leading indicator (CLI),IX,Index,_Z,Not applicable,AA,Amplitude adjusted,IX,Index,_Z,Not applicable,H,OECD harmonised,2025-03,,99.83885,,A,Normal value,0,Units,2,Two,,
DATAFLOW,OECD.SDD.STES:DSD_STES@DF_CLI(4.1),Composite leading indicators,I,KOR,Korea,M,Monthly,LI,Composite leading indicator (CLI),IX,Index,_Z,Not applicable,AA,Amplitude adjusted,IX,Index,_Z,Not applicable,H,OECD harmonised,2025-04,,99.92797,,A,Normal value,0,Units,2,Two,,
DATAFLOW,OECD.SDD.STES:DSD_STES@DF_CLI(4.1),Composite leading indicators,I,KOR,Korea,M,Monthly,LI,Composite leading indicator (CLI),IX,Index,_Z,Not applicable,AA,Amplitude adjusted,IX,Index,_Z,Not applicable,H,OECD harmonised,2025-05,,100.0462,,A,Normal value,0,Units,2,Two,,
DATAFLOW,OECD.SDD.STES:DSD_STES@DF_CLI(4.1),Composite leading indicators,I,KOR,Korea,M,Monthly,LI,Composite leading indicator (CLI),IX,Index,_Z,Not applicable,AA,Amplitude adjusted,IX,Index,_Z,Not applicable,H,OECD harmonised,2025-06,,100.1906,,A,Normal value,0,Units,2,Two,,
DATAFLOW,OECD.SDD.STES:DSD_STES@DF_CLI(4.1),Composite leading indicators,I,JPN,Japan,M,Monthly,LI,Composite leading indicator (CLI),IX,Index,_Z,Not applicable,AA,Amplitude adjusted,IX,Index,_Z,Not applicable,H,OECD harmonised,2024-12,,99.57355,,A,Normal value,0,Units,2,Two,,
DATAFLOW,OECD.SDD.STES:DSD_STES@DF_CLI(4.1),Composite leading indicators,I,JPN,Japan,M,Monthly,LI,Composite leading indicator (CLI),IX,Index,_Z,Not applicable,AA,Amplitude adjusted,IX,Index,_Z,Not applicable,H,OECD harmonised,2025-01,,99.53517,,A,Normal value,0,Units,2,Two,,
DATAFLOW,OECD.SDD.STES:DSD_STES@DF_CLI(4.1),Composite leading indicators,I,JPN,Japan,M,Monthly,LI,Composite leading indicator (CLI),IX,Index,_Z,Not applicable,AA,Amplitude adjusted,IX,Index,_Z,Not applicable,H,OECD harmonised,2025-02,,99.49806,,A,Normal value,0,Units,2,Two,,
DATAFLOW,OECD.SDD.STES:DSD_STES@DF_CLI(4.1),Composite leading indicators,I,JPN,Japan,M,Monthly,LI,Composite leading indicator (CLI),IX,Index,_Z,Not applicable,AA,Amplitude adjusted,IX,Index,_Z,Not applicable,H,OECD harmonised,2025-03,,99.47099,,A,Normal value,0,Units,2,Two,,
